productID,type,title,author/artist,numInStock,price
1,book,fahrenheit 451,ray bradbury,8,9.99
2,book,1984,george orwell,5,15.99
3,book,to kill a mockingbird,harper lee,12,12.99
4,book,beloved,toni morrison,4,13.5
5,book,the little prince,antoine de saint exup√©ry,10,7
6,book,brave new world,aldous huxley,15,19
7,book,charlotte's web,e.b. white,10,8.99
8,book,hitchhiker's guide to the galaxy,douglas adams,5,9.99
9,book,catch-22,joseph heller,20,11.99
10,book,flowers for algernon,daniel keyes,7,6.99
11,cd,a night at the opera,queen,14,6.99
12,cd,cuz I love you,lizzo,8,7.99
13,cd,a hard day's night,the beatles,3,3.99
14,dvd,the dark knight,n/a,5,12.99
15,dvd,jurassic park,n/a ,7,7.99
